name,price,link
"Olimp Gold Omega 3 D3 + K2, kapsułki, 30 szt.",25.99,/apteka/p126484-Olimp_Gold_Omega_3_D3__K2_kapsulki_30_szt.
"Olimp Gold Omega 3, kapsułki, 60 szt.",24.99,/apteka/p6530-Olimp_Gold_Omega_3_kapsulki_60_szt.
"Jordan, Individual Reach, szczoteczka do zębów, średnia, 1 szt",9.99,/apteka/p66582-Jordan_Individual_Reach_szczoteczka_do_zebow_srednia_1_szt
"Jordan Step by Step, szczoteczka do zębów dla dzieci 6-9 lat, 1 szt.",7.99,/apteka/p64530-Jordan_Step_by_Step_szczoteczka_do_zebow_dla_dzieci_6-9_lat_1_szt.
"Pasta del Capitano, szczoteczka do zębów, od 6 lat, 1 szt.",10.99,/apteka/p129727-Pasta_del_Capitano_szczoteczka_do_zebow_od_6_lat_1_szt.
"Jordan, Individual Clean, szczoteczka do zębów, miękka, 1 szt.",9.99,/apteka/p66584-Jordan_Individual_Clean_szczoteczka_do_zebow_miekka_1_szt.
"Solgar Formula Włosy, Skóra, Paznokcie, tabletki, 60 szt.",58.99,/apteka/p55978-Solgar_Formula_Wlosy_Skora_Paznokcie_tabletki_60_szt.
"Olimp Gold-Vit C1000 Forte, kapsułki, 60 szt.",34.99,/apteka/p134015-Olimp_Gold-Vit_C1000_Forte_kapsulki_60_szt.
"Solgar Witamina B12, tabletki, 100 szt.",28.49,/apteka/p55989-Solgar_Witamina_B12_tabletki_100_szt.
"Solgar Magnez z witaminą B6, tabletki, 100 szt.",24.99,/apteka/p128344-Solgar_Magnez_z_witamina_B6_tabletki_100_szt.
"Solgar Formuła witamin B-kompleks 50, kapsułki, 50 szt.",43.49,/apteka/p55994-Solgar_Formula_witamin_B-kompleks_50_kapsulki_50_szt.
"Swanson Witamina C z dziką różą, 500 mg, kapsułki, 100 szt.",13.99,/apteka/p130566-Swanson_Witamina_C_z_dzika_roza_500_mg_kapsulki_100_szt.
"Swanson Cynk (glukonian), 30 mg, tabletki, 250 szt.",23.49,/apteka/p129541-Swanson_Cynk_glukonian_30_mg_tabletki_250_szt.
"Swanson Ashwagandha KSM-66 ekstrakt, kapsułki, 60 szt.",28.49,/apteka/p129528-Swanson_Ashwagandha_KSM-66_ekstrakt_kapsulki_60_szt.
"Solgar Cynk, pastylki do ssania, 50 szt.",22.99,/apteka/p128284-Solgar_Cynk_pastylki_do_ssania_50_szt.
"Swanson Triple Magnesium Complex, kapsułki, 100 szt.",19.99,/apteka/p130521-Swanson_Triple_Magnesium_Complex_kapsulki_100_szt.
"Solgar Female Multiple dla kobiet, tabletki, 60 szt.",67.99,/apteka/p128166-Solgar_Female_Multiple_dla_kobiet_tabletki_60_szt.
"Pikolinian chromu, 200 µg, kapsułki, 100 szt.",11.99,/apteka/p130595-Pikolinian_chromu_200_g_kapsulki_100_szt.
"Solgar Folian (Metafolin), 400 µg, tabletki, 50 szt.",44.99,/apteka/p128288-Solgar_Folian_Metafolin_400_g_tabletki_50_szt.
"Swanson Kwas foliowy, 800 µg, kapsułki, 250 szt.",19.99,/apteka/p130493-Swanson_Kwas_foliowy_800_g_kapsulki_250_szt.
"Swanson Kudzu korzeń, kapsułki, 60 szt.",16.99,/apteka/p130390-Swanson_Kudzu_korzen_kapsulki_60_szt.
"Swanson Berberyna, 400 mg, kapsułki, 60 szt.",48.99,/apteka/p130526-Swanson_Berberyna_400_mg_kapsulki_60_szt.
"Swanson Olej z Oregano, kapsułki, 120 szt.",24.49,/apteka/p129937-Swanson_Olej_z_Oregano_kapsulki_120_szt.
"Swanson MSM, 500 mg, kapsułki, 250 szt.",30.49,/apteka/p129536-Swanson_MSM_500_mg_kapsulki_250_szt.
"Swanson MSM, 500 mg, kapsułki, 250 szt.",30.49,/apteka/p129536-Swanson_MSM_500_mg_kapsulki_250_szt.
"Swanson Witamina E naturalna, 400 IU, kapsułki, 100 szt.",35.99,/apteka/p130470-Swanson_Witamina_E_naturalna_400_IU_kapsulki_100_szt.
"Solgar Pełne Spektrum Omega, kapsułki, 120 szt.",113.99,/apteka/p79106-Solgar_Pelne_Spektrum_Omega_kapsulki_120_szt.
"Swanson Full Spectrum Moringa Oleifera, 400 mg, kapsułki, 60 szt.",14.99,/apteka/p130320-Swanson_Full_Spectrum_Moringa_Oleifera_400_mg_kapsulki_60_szt.
"Swanson L-tryptofan, 500 mg, kapsułki, 60 szt.",34.99,/apteka/p130462-Swanson_L-tryptofan_500_mg_kapsulki_60_szt.
"Swanson Witamina K2, 100 µg, kapsułki, 30 szt.",22.49,/apteka/p130013-Swanson_Witamina_K2_100_g_kapsulki_30_szt.
"Swanson Balance B-200, kapsułki, 100 szt.",36.99,/apteka/p129558-Swanson_Balance_B-200_kapsulki_100_szt.
"Swanson Berberyna kompleks, kapsułki, 90 szt.",50.99,/apteka/p134549-Swanson_Berberyna_kompleks_kapsulki_90_szt.
"Solgar Magnez Chelat, tabletki, 100 szt.",45.99,/apteka/p54916-Solgar_Magnez_Chelat_tabletki_100_szt.
"Ashwagandha Extrakt, 450 mg, kapsułki, 60 szt.",23.49,/apteka/p138463-Ashwagandha_Extrakt_450_mg_kapsulki_60_szt.
"Solgar Kwas foliowy, tabletki, 100 szt.",26.99,/apteka/p128283-Solgar_Kwas_foliowy_tabletki_100_szt.
"Solgar Witaminy i Minerały Prenatalne, tabletki, 60 szt.",38.99,/apteka/p55991-Solgar_Witaminy_i_Mineraly_Prenatalne_tabletki_60_szt.
"Swanson Turmeric, 720 mg, kapsułki, 100 szt.",16.99,/apteka/p129556-Swanson_Turmeric_720_mg_kapsulki_100_szt.
"Witamina C z dziką różą, 1000 mg, kapsułki, 250 szt.",64.99,/apteka/p130501-Witamina_C_z_dzika_roza_1000_mg_kapsulki_250_szt.
"Swanson Selenium, kapsułki, 200 szt.",26.49,/apteka/p129555-Swanson_Selenium_kapsulki_200_szt.
"Solgar Tran Dorszowy, kapsułki, 100 szt.",31.99,/apteka/p128343-Solgar_Tran_Dorszowy_kapsulki_100_szt.
"Solgar Rutyna, 500 mg, tabletki, 50 szt.",38.99,/apteka/p128239-Solgar_Rutyna_500_mg_tabletki_50_szt.
"Solgar Modulator Homocysteiny, kapsułki, 60 szt.",42.99,/apteka/p66491-Solgar_Modulator_Homocysteiny_kapsulki_60_szt.
"Swanson Beta Karoten, 10000 IU, kapsułki, 100 szt.",16.99,/apteka/p130509-Swanson_Beta_Karoten_10000_IU_kapsulki_100_szt.
"Red Clover (czerwona koniczyna), kapsułki, 90 szt.",31.49,/apteka/p138379-Red_Clover_czerwona_koniczyna_kapsulki_90_szt.
"Swanson Włosy, skóra, paznokcie, tabletki, 60 szt.",22.49,/apteka/p130467-Swanson_Wlosy_skora_paznokcie_tabletki_60_szt.
"Solgar Gentle Iron Łagodny Preparat żelaza, kapsułki, 90 szt.",46.99,/apteka/p110531-Solgar_Gentle_Iron_Lagodny_Preparat_zelaza_kapsulki_90_szt.
"Inozytol, kapsułki, 100 szt.",20.99,/apteka/p138469-Inozytol_kapsulki_100_szt.
"Solgar Metylokobalamina (Witamina B12), bryłki, 30 szt.",65.99,/apteka/p134551-Solgar_Metylokobalamina_Witamina_B12_brylki_30_szt.
"Cytrynian magnezu, tabletki, 240 szt.",50.99,/apteka/p138577-Cytrynian_magnezu_tabletki_240_szt.
"Solgar Ester-C Plus 1000 mg Witaminy C, tabletki, 30 szt.",55.99,/apteka/p57980-Solgar_Ester-C_Plus_1000_mg_Witaminy_C_tabletki_30_szt.
"Witamina A, kapsułki, 250 szt.",29.49,/apteka/p138462-Witamina_A_kapsulki_250_szt.
"Swanson Full Spectrum Boswellia & Curcumin, kapsułki, 60 szt.",15.99,/apteka/p130588-Swanson_Full_Spectrum_Boswellia__Curcumin_kapsulki_60_szt.
"Witamina C z dziką różą, 1000 mg, kapsułki, 30 szt.",12.99,/apteka/p138459-Witamina_C_z_dzika_roza_1000_mg_kapsulki_30_szt.
"Solgar Selen, 100 µg, tabletki, 100 szt.",42.99,/apteka/p128140-Solgar_Selen_100_g_tabletki_100_szt.
"Saw Palmetto, kapsułki, 100 szt.",18.99,/apteka/p138274-Saw_Palmetto_kapsulki_100_szt.
"Swanson Fenugreek Seed (Kozieradka), kapsułki, 90 szt.",13.99,/apteka/p130370-Swanson_Fenugreek_Seed_Kozieradka_kapsulki_90_szt.
"Swanson Century Formula, tabletki, 130 szt.",40.99,/apteka/p130519-Swanson_Century_Formula_tabletki_130_szt.
"Solgar Kanguwity Witamina C, 100 mg, pastylki do ssania, 90 szt.",44.99,/apteka/p79472-Solgar_Kanguwity_Witamina_C_100_mg_pastylki_do_ssania_90_szt.
"Swanson Gymnea Sylvestre, 400 mg, kapsułki, 100 szt.",13.99,/apteka/p129554-Swanson_Gymnea_Sylvestre_400_mg_kapsulki_100_szt.
"Swanson Resweratrol, 100 mg, kapsułki, 30 szt.",13.99,/apteka/p130495-Swanson_Resweratrol_100_mg_kapsulki_30_szt.
"Swanson Witamina C z dziką różą, 1000 mg, kapsułki, 90 szt.",26.49,/apteka/p129538-Swanson_Witamina_C_z_dzika_roza_1000_mg_kapsulki_90_szt.
"Swanson L-Tyrozyna, 500 mg, kapsułki, 100 szt.",26.49,/apteka/p130518-Swanson_L-Tyrozyna_500_mg_kapsulki_100_szt.
"Swanson ALA kwas alfa liponowy, 600 mg, kapsułki, 60 szt.",48.99,/apteka/p130549-Swanson_ALA_kwas_alfa_liponowy_600_mg_kapsulki_60_szt.
"Solgar Kwas hialuronowy, 120 mg, tabletki, 30 szt.",136.99,/apteka/p128529-Solgar_Kwas_hialuronowy_120_mg_tabletki_30_szt.
"Solgar Rhodiola Różeniec Górski, kapsułki, 60 szt.",71.99,/apteka/p128194-Solgar_Rhodiola_Rozeniec_Gorski_kapsulki_60_szt.
"Vitex (Chasteberry), kapsułki, 120 szt.",24.49,/apteka/p138458-Vitex_Chasteberry_kapsulki_120_szt.
"Solgar L-Lizyna, 500 mg, kapsułki, 50 szt.",36.49,/apteka/p67762-Solgar_L-Lizyna_500_mg_kapsulki_50_szt.
"Swanson L-arginina forte, kapsułki, 90 szt.",28.49,/apteka/p135462-Swanson_L-arginina_forte_kapsulki_90_szt.
"Swanson Pau d'Arco, 500 mg, kapsułki, 100 szt.",20.99,/apteka/p129540-Swanson_Pau_dArco_500_mg_kapsulki_100_szt.
"Swanson Acerola, kapsułki, 60 szt.",25.49,/apteka/p135454-Swanson_Acerola_kapsulki_60_szt.
"Tribulus Terrestris extract, kapsułki, 60 szt.",35.99,/apteka/p138378-Tribulus_Terrestris_extract_kapsulki_60_szt.
"Solgar Naturalny Beta Karoten, 7 mg, kapsułki, 60 szt.",47.99,/apteka/p65150-Solgar_Naturalny_Beta_Karoten_7_mg_kapsulki_60_szt.
"Solgar Olej z wiesiołka dwuletniego, 1300 mg, kapsułki, 30 szt.",64.99,/apteka/p128141-Solgar_Olej_z_wiesiolka_dwuletniego_1300_mg_kapsulki_30_szt.
"L-arginina, kapsułki, 200 szt.",31.49,/apteka/p138466-L-arginina_kapsulki_200_szt.
"Solgar Advanced Multi-Billion Dophilus, kapsułki, 60 szt.",101.99,/apteka/p128287-Solgar_Advanced_Multi-Billion_Dophilus_kapsulki_60_szt.
"Echinacea, kapsułki, 100 szt.",19.99,/apteka/p138397-Echinacea_kapsulki_100_szt.
"Solgar Olej z dzikiego oregano, kapsułki, 60 szt.",67.99,/apteka/p128689-Solgar_Olej_z_dzikiego_oregano_kapsulki_60_szt.
"Spirulina, 500 mg, tabletki, 180 szt.",31.49,/apteka/p138484-Spirulina_500_mg_tabletki_180_szt.
"Swanson Full Spectrum Coleus Forskohlii, kapsułki, 60 szt.",24.49,/apteka/p129544-Swanson_Full_Spectrum_Coleus_Forskohlii_kapsulki_60_szt.
"Swanson Kwas kaprylowy 600 mg, kapsułki, 60 szt.",19.99,/apteka/p130620-Swanson_Kwas_kaprylowy_600_mg_kapsulki_60_szt.
"Solgar Wapń i Magnez, tabletki, 100 szt.",64.99,/apteka/p55979-Solgar_Wapn_i_Magnez_tabletki_100_szt.
"Solgar Omega 3, kapsułki, 60 szt.",67.99,/apteka/p128379-Solgar_Omega_3_kapsulki_60_szt.
"Swanson Imbir, kapsułki, 100 szt.",16.99,/apteka/p135458-Swanson_Imbir_kapsulki_100_szt.
"Swanson Lactobacillus Rhamnosus, kapsułki, 60 szt.",34.99,/apteka/p136601-Swanson_Lactobacillus_Rhamnosus_kapsulki_60_szt.
"Swanson Witamina K2, 200 µg, kapsułki, 30 szt.",36.99,/apteka/p130400-Swanson_Witamina_K2_200_g_kapsulki_30_szt.
"Solgar 7, kapsułki, 30 szt.",101.99,/apteka/p128181-Solgar_7_kapsulki_30_szt.
"Swanson Gotu Kola, kapsułki, 120 szt.",35.99,/apteka/p130477-Swanson_Gotu_Kola_kapsulki_120_szt.
"Swanson Dandelion Root (Mniszek lekarski), 515 mg, kapsułki, 60 szt.",17.99,/apteka/p130601-Swanson_Dandelion_Root_Mniszek_lekarski_515_mg_kapsulki_60_szt.
"ALA kwas alfa liponowy 300 mg, kapsułki, 60 szt.",26.49,/apteka/p138328-ALA_kwas_alfa_liponowy_300_mg_kapsulki_60_szt.
"Swanson Maca, 500 mg, kapsułki, 100 szt.",28.49,/apteka/p129527-Swanson_Maca_500_mg_kapsulki_100_szt.
"Swanson Full Spectrum Lion's Mane (Soplówka jeżowata), 500 mg, kapsułki, 60 szt.",27.49,/apteka/p130942-Swanson_Full_Spectrum_Lions_Mane_Soplowka_jezowata_500_mg_kapsulki_60_szt.
"L-Glutamina, kapsułki, 100 szt.",24.49,/apteka/p138486-L-Glutamina_kapsulki_100_szt.
"Swanson Luteina, 20 mg, kapsułki, 60 szt.",29.49,/apteka/p130582-Swanson_Luteina_20_mg_kapsulki_60_szt.
"Solgar Potas, tabletki, 100 szt.",31.49,/apteka/p128190-Solgar_Potas_tabletki_100_szt.
"Solgar Chlorella, 520 mg, kapsułki, 100 szt.",67.99,/apteka/p128137-Solgar_Chlorella_520_mg_kapsulki_100_szt.
"Swanson Guarana, kapsułki, 100 szt.",20.99,/apteka/p130498-Swanson_Guarana_kapsulki_100_szt.
"Swanson Guarana, kapsułki, 100 szt.",20.99,/apteka/p130498-Swanson_Guarana_kapsulki_100_szt.
"Swanson Witamina E naturalna, 200 IU, kapsułki, 100 szt.",23.49,/apteka/p135461-Swanson_Witamina_E_naturalna_200_IU_kapsulki_100_szt.
"Solgar Wapń Magnez plus Bor, tabletki, 100 szt.",35.99,/apteka/p54083-Solgar_Wapn_Magnez_plus_Bor_tabletki_100_szt.
"Albion Chelat Miedzi, kapsułki, 60 szt.",11.99,/apteka/p138327-Albion_Chelat_Miedzi_kapsulki_60_szt.
"Astragalus, 470 mg, kapsułki, 100 szt.",13.99,/apteka/p138331-Astragalus_470_mg_kapsulki_100_szt.
"Swanson Kompleks Cynamonu, Gymnemy i Morwy, kapsułki, 120 szt.",33.99,/apteka/p134515-Swanson_Kompleks_Cynamonu_Gymnemy_i_Morwy_kapsulki_120_szt.
"Solgar Omega 3-6-9 z ryb, siemienia lnianego i ogórecznika, kapsułki, 60 szt.",89.99,/apteka/p128138-Solgar_Omega_3-6-9_z_ryb_siemienia_lnianego_i_ogorecznika_kapsulki_60_szt.
"Swanson Koenzym Q10, 60 mg, kapsułki, 120 szt.",43.99,/apteka/p130587-Swanson_Koenzym_Q10_60_mg_kapsulki_120_szt.
"Swanson Folian Quatrefolic 800 µg, kapsułki, 30 szt.",19.99,/apteka/p135457-Swanson_Folian_Quatrefolic_800_g_kapsulki_30_szt.
"Swanson Olive Leaf Extract, 500 mg, kapsułki, 60 szt.",19.99,/apteka/p129607-Swanson_Olive_Leaf_Extract_500_mg_kapsulki_60_szt.
"Triple Magnesium Complex, kapsułki, 30 szt.",9.49,/apteka/p138481-Triple_Magnesium_Complex_kapsulki_30_szt.
"Solgar L-Arginina, 500 mg, kapsułki, 50 szt.",40.99,/apteka/p54082-Solgar_L-Arginina_500_mg_kapsulki_50_szt.
"Swanson ALA kwas alfa liponowy, 300 mg, kapsułki, 120 szt.",48.99,/apteka/p130488-Swanson_ALA_kwas_alfa_liponowy_300_mg_kapsulki_120_szt.
"GABA, kapsułki, 100 szt.",17.99,/apteka/p138457-GABA_kapsulki_100_szt.
"Luteina & Zeaksantyna, kapsułki żelowe, 60 szt.",40.99,/apteka/p138485-Luteina__Zeaksantyna_kapsulki_zelowe_60_szt.
"Solgar Wapń i Magnez, tabletki, 50 szt.",38.99,/apteka/p130848-Solgar_Wapn_i_Magnez_tabletki_50_szt.
"Swanson Full Spectrum Boswelia forte, kapsułki, 60 szt.",19.99,/apteka/p134473-Swanson_Full_Spectrum_Boswelia_forte_kapsulki_60_szt.
"Solgar Ester-C Plus, 500 mg witaminy C, kapsułki, 50 szt.",55.99,/apteka/p128218-Solgar_Ester-C_Plus_500_mg_witaminy_C_kapsulki_50_szt.
"Solgar Witamina C, 500 mg, pastylki do ssania o naturalnym smaku pomarańczy, 90 szt.",69.99,/apteka/p128240-Solgar_Witamina_C_500_mg_pastylki_do_ssania_o_naturalnym_smaku_pomaranczy_90_szt.
"Swanson Schizandra extract, kapsułki, 60 szt.",31.49,/apteka/p130951-Swanson_Schizandra_extract_kapsulki_60_szt.
"Solgar Chrom Pikolinian 200 µg, kapsułki, 90 szt.",59.99,/apteka/p128271-Solgar_Chrom_Pikolinian_200_g_kapsulki_90_szt.
"Triple Magnesium Complex, kapsułki, 300 szt.",47.99,/apteka/p138472-Triple_Magnesium_Complex_kapsulki_300_szt.
"Solgar Omega 3, 1764 mg, EPA/DHA, kapsułki, 50 szt.",118.99,/apteka/p138233-Solgar_Omega_3_1764_mg_EPADHA_kapsulki_50_szt.
"Swanson Devil's Claw, 500 mg, kapsułki, 100 szt.",20.99,/apteka/p134479-Swanson_Devils_Claw_500_mg_kapsulki_100_szt.
"Swanson Cytrynian Potasu, kapsułki, 120 szt.",14.99,/apteka/p129549-Swanson_Cytrynian_Potasu_kapsulki_120_szt.
"Solgar Błonnik z łusek babki płesznik, kapsułki, 200 szt.",65.99,/apteka/p128330-Solgar_Blonnik_z_lusek_babki_plesznik_kapsulki_200_szt.
"Saw Palmetto, kapsułki, 250 szt.",42.99,/apteka/p138461-Saw_Palmetto_kapsulki_250_szt.
"Swanson Graviola, kapsułki, 60 szt.",18.99,/apteka/p136059-Swanson_Graviola_kapsulki_60_szt.
"Swanson Cinnamon Extract (Cynamon Ekstrakt), kapsułki, 90 szt.",16.99,/apteka/p130919-Swanson_Cinnamon_Extract_Cynamon_Ekstrakt_kapsulki_90_szt.
"Gotu Kola, kapsułki, 60 szt.",12.99,/apteka/p138455-Gotu_Kola_kapsulki_60_szt.
"Swanson AjiPure L-Lizyna, 500 mg, kapsułki, 90 szt.",33.99,/apteka/p130925-Swanson_AjiPure_L-Lizyna_500_mg_kapsulki_90_szt.
"Solgar Kwercetyna Kompleks, kapsułki, 50 szt.",68.99,/apteka/p137800-Solgar_Kwercetyna_Kompleks_kapsulki_50_szt.
"D-mannoza, kapsułki, 60 szt.",51.99,/apteka/p138465-D-mannoza_kapsulki_60_szt.
"Solgar Witamina C, pastylki do ssania, smak żurawinowo-malinowy, 90 szt.",69.99,/apteka/p128321-Solgar_Witamina_C_pastylki_do_ssania_smak_zurawinowo-malinowy_90_szt.
"Solgar HY-BIO, kompleks bioflawonoidowy, tabletki, 50 szt.",37.49,/apteka/p128206-Solgar_HY-BIO_kompleks_bioflawonoidowy_tabletki_50_szt.
"Solgar Ostropest Plamisty, kapsułki, 60 szt.",81.99,/apteka/p141287-Solgar_Ostropest_Plamisty_kapsulki_60_szt.
"Swanson Witamina C - 100% czystości, proszek, 454 g",67.99,/apteka/p130474-Swanson_Witamina_C_-_100_czystosci_proszek_454_g
"Solgar Wegetariański preparat wieloskładnikowy, kapsułki, 90 szt.",84.99,/apteka/p137797-Solgar_Wegetarianski_preparat_wieloskladnikowy_kapsulki_90_szt.
"Solgar HCA, kapsułki, 60 szt.",73.99,/apteka/p128535-Solgar_HCA_kapsulki_60_szt.
"Solgar Formula VM-75, tabletki, 30 szt.",51.99,/apteka/p53916-Solgar_Formula_VM-75_tabletki_30_szt.
"Solgar Selen, 200 µg, związany z drożdżami, tabletki, 50 szt.",63.99,/apteka/p128144-Solgar_Selen_200_g_zwiazany_z_drozdzami_tabletki_50_szt.
"Solgar Botaniczny Kompleks dla kobiet, kapsułki, 30 szt.",95.99,/apteka/p128150-Solgar_Botaniczny_Kompleks_dla_kobiet_kapsulki_30_szt.
"Solgar Lukrecja wyciąg z korzenia, kapsułki, 60 szt.",55.99,/apteka/p128237-Solgar_Lukrecja_wyciag_z_korzenia_kapsulki_60_szt.
"Solgar Naturalna Witamina E, 134 mg, kapsułki, 50 szt.",43.99,/apteka/p67307-Solgar_Naturalna_Witamina_E_134_mg_kapsulki_50_szt.
"Dong Quai, kapsułki, 100 szt.",26.49,/apteka/p138464-Dong_Quai_kapsulki_100_szt.
"Solgar Naturalna Witamina K2, kapsułki, 50 szt.",84.99,/apteka/p110520-Solgar_Naturalna_Witamina_K2_kapsulki_50_szt.
"Swanson Cytrynian Magnezu, proszek, 244 g",42.99,/apteka/p135382-Swanson_Cytrynian_Magnezu_proszek_244_g
"Swanson Ginkgo Biloba ekstrakt, kapsułki, 120 szt.",38.99,/apteka/p134493-Swanson_Ginkgo_Biloba_ekstrakt_kapsulki_120_szt.
"Swanson Ginkgo Biloba ekstrakt, kapsułki, 120 szt.",38.99,/apteka/p134493-Swanson_Ginkgo_Biloba_ekstrakt_kapsulki_120_szt.
"Solgar Żurawina, kapsułki, 60 szt.",58.99,/apteka/p55745-Solgar_Zurawina_kapsulki_60_szt.
"Solgar Nutri-Nano CoQ-10, kapsułki, 50 szt.",131.99,/apteka/p141761-Solgar_Nutri-Nano_CoQ-10_kapsulki_50_szt.
"Swanson Milk Thistle liquid extract (Ostropest plamisty), płyn, 29,6 ml",28.49,/apteka/p130596-Swanson_Milk_Thistle_liquid_extract_Ostropest_plamisty_plyn_296_ml
"Swanson Fosfatydylseryna, 100 mg, kapsułki, 30 szt.",36.99,/apteka/p129610-Swanson_Fosfatydylseryna_100_mg_kapsulki_30_szt.
"Ekstrakt z liści drzewa oliwnego, kapsułki, 60 szt.",31.49,/apteka/p138487-Ekstrakt_z_lisci_drzewa_oliwnego_kapsulki_60_szt.
"Swanson Gaba forte, kapsułki, 60 szt.",28.49,/apteka/p134475-Swanson_Gaba_forte_kapsulki_60_szt.
"Swanson Selenium (L-Selenomethionine), 100 µg, kapsułki, 300 szt.",41.99,/apteka/p130499-Swanson_Selenium_L-Selenomethionine_100_g_kapsulki_300_szt.
"Swanson Policosanol (Polikosanol), 20mg, kapsułki, 60 szt.",29.49,/apteka/p130936-Swanson_Policosanol_Polikosanol_20mg_kapsulki_60_szt.
"Swanson Maca, kapsułki, 60 szt.",19.99,/apteka/p135465-Swanson_Maca_kapsulki_60_szt.
"Solgar Beta Glukany, tabletki, 60 szt.",60.99,/apteka/p128301-Solgar_Beta_Glukany_tabletki_60_szt.
"Solgar Błonnik, kapsułki, 120 szt.",62.99,/apteka/p128573-Solgar_Blonnik_kapsulki_120_szt.
"Swanson Lactobacillus Gasseri, kapsułki, 60 szt.",30.49,/apteka/p136600-Swanson_Lactobacillus_Gasseri_kapsulki_60_szt.
"Solgar Green Tea Zielona Herbata, kapsułki, wyciąg z liści, 60 szt.",66.99,/apteka/p55992-Solgar_Green_Tea_Zielona_Herbata_kapsulki_wyciag_z_lisci_60_szt.
"Swanson Kwercetyna, kapsułki wegetariańskie, 60 szt.",73.99,/apteka/p134538-Swanson_Kwercetyna_kapsulki_wegetarianskie_60_szt.
"Solgar Formuła VM-Prime na lata 50+, tabletki, 60 szt.",57.99,/apteka/p128246-Solgar_Formula_VM-Prime_na_lata_50_tabletki_60_szt.
"Solgar Miłorząb Japoński, kapsułki, 60 szt.",91.99,/apteka/p128270-Solgar_Milorzab_Japonski_kapsulki_60_szt.
"Solgar L-Glutamina, 500 mg, kapsułki, 50 szt.",51.99,/apteka/p141760-Solgar_L-Glutamina_500_mg_kapsulki_50_szt.
"Full Spectrum Turmeric & Czarny pieprz, kapsułki, 60 szt.",26.49,/apteka/p138326-Full_Spectrum_Turmeric__Czarny_pieprz_kapsulki_60_szt.
"Swanson Garcinia Cambogia extract, kapsułki, 60 szt.",14.99,/apteka/p130928-Swanson_Garcinia_Cambogia_extract_kapsulki_60_szt.
"Solgar Głóg wyciąg, kapsułki, 60 szt.",51.99,/apteka/p128241-Solgar_Glog_wyciag_kapsulki_60_szt.
"Solgar L-Teanina, 150 mg, kapsułki, 60 szt.",101.99,/apteka/p128333-Solgar_L-Teanina_150_mg_kapsulki_60_szt.
"Solgar Ultimate Bone Support, tabletki, 120 szt.",95.99,/apteka/p128147-Solgar_Ultimate_Bone_Support_tabletki_120_szt.
"Solgar Fitosterole Kompleks, kapsułki, 100 szt.",89.99,/apteka/p128153-Solgar_Fitosterole_Kompleks_kapsulki_100_szt.
"Solgar Ostropest plamisty, kapsułki, 60 szt",81.99,/apteka/p66545-Solgar_Ostropest_plamisty_kapsulki_60_szt
"Solgar Olej z siemienia lnianego, kapsułki, 90 szt.",78.99,/apteka/p128688-Solgar_Olej_z_siemienia_lnianego_kapsulki_90_szt.
"Witamina E 400 IU, kapsułki, 60 szt.",20.99,/apteka/p138483-Witamina_E_400_IU_kapsulki_60_szt.
"Solgar Witania Ospała Ashwagandha,kapsułki, wyciskane z korzenia witanii ospałej, 60 szt.",93.99,/apteka/p134550-Solgar_Witania_Ospala_Ashwagandhakapsulki_wyciskane_z_korzenia_witanii_ospalej_60_szt.
"Swanson Witamina C (buforowany L-askorbinian sodu), proszek, 120 g",34.99,/apteka/p130946-Swanson_Witamina_C_buforowany_L-askorbinian_sodu_proszek_120_g
"Butcher's broom (Ruszczyk kolczasty), kapsułki, 100 szt.",30.49,/apteka/p129534-Butchers_broom_Ruszczyk_kolczasty_kapsulki_100_szt.
"Swanson Sarsaparilla root (Kolcorośl sarsaparyla), kapsułki, 60 szt.",14.99,/apteka/p130554-Swanson_Sarsaparilla_root_Kolcorosl_sarsaparyla_kapsulki_60_szt.
"Solgar Standaryzowany Czosnek, kapsułki, 90 szt.",77.99,/apteka/p13285-Solgar_Standaryzowany_Czosnek_kapsulki_90_szt.
"Solgar Miedź Chelat, tabletki, 100 szt.",37.99,/apteka/p67309-Solgar_Miedz_Chelat_tabletki_100_szt.
"Swanson Luteina & Borówka, kapsułki, 120 szt.",45.99,/apteka/p142954-Swanson_Luteina__Borowka_kapsulki_120_szt.
"Solgar Bromelaina 1000 GDU ze świeżych ananasów, kapsułki, 60 szt.",73.99,/apteka/p141190-Solgar_Bromelaina_1000_GDU_ze_swiezych_ananasow_kapsulki_60_szt.
"Solgar Oliwka Europejska, kapsułki, 60 szt.",51.99,/apteka/p66494-Solgar_Oliwka_Europejska_kapsulki_60_szt.
"Swanson Nowozelandzka liofilizowana zielona małża, kapsułki, 60 szt.",26.49,/apteka/p130500-Swanson_Nowozelandzka_liofilizowana_zielona_malza_kapsulki_60_szt.
"Solgar L-Cysteina, kapsułki, 30 szt.",48.99,/apteka/p109099-Solgar_L-Cysteina_kapsulki_30_szt.
"Solgar Żurawina Cran Flora z probiotykami, kapsułki, 60 szt.",98.99,/apteka/p128235-Solgar_Zurawina_Cran_Flora_z_probiotykami_kapsulki_60_szt.
"Swanson Bioperine, kapsułki, 60 szt.",18.99,/apteka/p129548-Swanson_Bioperine_kapsulki_60_szt.
"Solgar Amino 75, kapsułki, 30 szt.",57.99,/apteka/p65964-Solgar_Amino_75_kapsulki_30_szt.
"Solgar Olejek czosnkowy, kapsułki, 100 szt.",29.49,/apteka/p57265-Solgar_Olejek_czosnkowy_kapsulki_100_szt.
"Swanson Milk Thistle Combination, kapsułki, 60 szt.",23.49,/apteka/p142952-Swanson_Milk_Thistle_Combination_kapsulki_60_szt.
"Swanson Albion Chelat Magnezu, kapsułki, 90 szt.",31.49,/apteka/p135455-Swanson_Albion_Chelat_Magnezu_kapsulki_90_szt.
"Solgar BCAA Plus, kapsułki, 50 szt.",70.99,/apteka/p67413-Solgar_BCAA_Plus_kapsulki_50_szt.
"Swanson ALC, 500 mg, kapsułki, 100 szt.",46.99,/apteka/p129559-Swanson_ALC_500_mg_kapsulki_100_szt.
"Swanson SelenoExcell Selen, kapsułki, 60 szt.",14.99,/apteka/p134315-Swanson_SelenoExcell_Selen_kapsulki_60_szt.
"Swanson Skrzyp polny, kapsułki, 90 szt.",27.49,/apteka/p134490-Swanson_Skrzyp_polny_kapsulki_90_szt.
"Swanson Bamboo ekstrakt, kapsułki, 60 szt.",39.99,/apteka/p134528-Swanson_Bamboo_ekstrakt_kapsulki_60_szt.
"Solgar Żeń-szeń Syberyjski, kapsułki, wyciąg z korzenia, 60 szt.",89.99,/apteka/p134544-Solgar_Zen-szen_Syberyjski_kapsulki_wyciag_z_korzenia_60_szt.
"Solgar Karczoch, kapsułki, wyciąg z liści, 60 szt.",100.99,/apteka/p134530-Solgar_Karczoch_kapsulki_wyciag_z_lisci_60_szt.
"Solgar Pestki Winogron Ekstrakt, 100 mg, kapsułki, 30 szt.",89.99,/apteka/p128481-Solgar_Pestki_Winogron_Ekstrakt_100_mg_kapsulki_30_szt.
"Solgar Super Acai Ekstrakt, kapsułki, 50 szt.",87.99,/apteka/p128160-Solgar_Super_Acai_Ekstrakt_kapsulki_50_szt.
"Solgar Wiśnia i Ostryż Kompleks, kapsułki, 60 szt.",101.99,/apteka/p128215-Solgar_Wisnia_i_Ostryz_Kompleks_kapsulki_60_szt.
"Solgar Morszczyn, tabletki, 250 szt.",59.99,/apteka/p141758-Solgar_Morszczyn_tabletki_250_szt.
"Swanson Bacopa Monniera 10:1 ekstrakt, kapsułki, 90 szt.",29.49,/apteka/p130924-Swanson_Bacopa_Monniera_101_ekstrakt_kapsulki_90_szt.
"Immuno LP20, kapsułki, 30 szt.",48.99,/apteka/p136597-Immuno_LP20_kapsulki_30_szt.
"Swanson Suntheanine L-Teanina, kapsułki, 60 szt.",64.99,/apteka/p142955-Swanson_Suntheanine_L-Teanina_kapsulki_60_szt.
"Borage Oil, 1000 mg, kapsułki żelowe, 60 szt.",45.99,/apteka/p141362-Borage_Oil_1000_mg_kapsulki_zelowe_60_szt.
"Solgar Pieprz kajeński, kapsułki, 100 szt.",66.99,/apteka/p137794-Solgar_Pieprz_kajenski_kapsulki_100_szt.
"Swanson Femflora, kapsułki, 60 szt.",32.99,/apteka/p136603-Swanson_Femflora_kapsulki_60_szt.
"Solgar Astaksantyna 5 mg, kapsułki, 30 szt.",101.99,/apteka/p136079-Solgar_Astaksantyna_5_mg_kapsulki_30_szt.
"Swanson Boswellia, 400 mg, kapsułki, 100 szt.",16.99,/apteka/p129553-Swanson_Boswellia_400_mg_kapsulki_100_szt.
"Solgar Imbir lekarski - ekstrakt z kłącza, kapsułki, 60 szt.",70.99,/apteka/p128233-Solgar_Imbir_lekarski_-_ekstrakt_z_klacza_kapsulki_60_szt.
"Swanson AjiPure L-Arginina, kapsułki, 60 szt.",15.99,/apteka/p138887-Swanson_AjiPure_L-Arginina_kapsulki_60_szt.
"Solgar Reishi Shiitake Maitake Ekstrakty, kapsułki, 50 szt.",101.99,/apteka/p137796-Solgar_Reishi_Shiitake_Maitake_Ekstrakty_kapsulki_50_szt.
"Swanson Inulin, proszek, 227 g",35.99,/apteka/p141787-Swanson_Inulin_proszek_227_g
"BioCosanol Polikosanol, 10 mg, kapsułki, 60 szt.",18.99,/apteka/p141358-BioCosanol_Polikosanol_10_mg_kapsulki_60_szt.
"Ubiquinol, 100 mg, kapsułki, 60 szt.",186.99,/apteka/p138488-Ubiquinol_100_mg_kapsulki_60_szt.
"Swanson AjiPure L-glutamina, proszek, 340 g",63.99,/apteka/p134557-Swanson_AjiPure_L-glutamina_proszek_340_g
"Solgar Izoflawony Sojowe silnie skoncentrowane, tabletki, 30 szt.",70.99,/apteka/p128322-Solgar_Izoflawony_Sojowe_silnie_skoncentrowane_tabletki_30_szt.
"Beta Right beta glukany, 250 mg, kapsułki, 60 szt.",85.99,/apteka/p141357-Beta_Right_beta_glukany_250_mg_kapsulki_60_szt.
"Beta Right beta glukany, 250 mg, kapsułki, 60 szt.",85.99,/apteka/p141357-Beta_Right_beta_glukany_250_mg_kapsulki_60_szt.
"Solgar Myszopłoch kolczasty ruszczyk, kapsułki, 100 szt.",73.99,/apteka/p137793-Solgar_Myszoploch_kolczasty_ruszczyk_kapsulki_100_szt.
"Swanson Full Spectrum Herbal Circulatory Care, kapsułki, 60 szt.",28.49,/apteka/p142977-Swanson_Full_Spectrum_Herbal_Circulatory_Care_kapsulki_60_szt.
"Swanson Luteina, 10 mg, kapsułki, 60 szt.",25.49,/apteka/p142953-Swanson_Luteina_10_mg_kapsulki_60_szt.
"Swanson Brewer's yeast, 500 mg, tabletki, 500 szt.",128.99,/apteka/p141365-Swanson_Brewers_yeast_500_mg_tabletki_500_szt.
"Swanson Eggshell Calcium with Vitamin D3, kapsułki, 60 szt.",32.99,/apteka/p142984-Swanson_Eggshell_Calcium_with_Vitamin_D3_kapsulki_60_szt.
"Swanson Full Spectrum Waleriana Rumianek i Chmiel, kapsułki, 60 szt.",28.49,/apteka/p142965-Swanson_Full_Spectrum_Waleriana_Rumianek_i_Chmiel_kapsulki_60_szt.
"Swanson Głóg ekstrakt liquid, płyn, 26,9 ml",32.99,/apteka/p142935-Swanson_Glog_ekstrakt_liquid_plyn_269_ml
"Swanson Flaxseed Oil, 1000 mg, kapsułki żelowe, 100 szt.",38.99,/apteka/p142920-Swanson_Flaxseed_Oil_1000_mg_kapsulki_zelowe_100_szt.
"Swanson ALA kwas alfa liponowy 50 mg, kapsułki, 120 szt.",27.49,/apteka/p143015-Swanson_ALA_kwas_alfa_liponowy_50_mg_kapsulki_120_szt.
"Swanson Tlenek magnezu, kapsułki, 250 szt.",44.99,/apteka/p142946-Swanson_Tlenek_magnezu_kapsulki_250_szt.
"Swanson AjiPure L-leucyna, kapsułki, 60 szt.",33.99,/apteka/p142792-Swanson_AjiPure_L-leucyna_kapsulki_60_szt.
"Swanson Catuaba bark, kapsułki, 120 szt.",44.99,/apteka/p142911-Swanson_Catuaba_bark_kapsulki_120_szt.
"Swanson Echinacea, kapsułki, 180 szt.",50.99,/apteka/p142988-Swanson_Echinacea_kapsulki_180_szt.
"Swanson Damiana, kapsułki, 100 szt.",58.99,/apteka/p142982-Swanson_Damiana_kapsulki_100_szt.
"Swanson Full Spectrum Chaga Mushroom, kapsułki, 60 szt.",42.99,/apteka/p142962-Swanson_Full_Spectrum_Chaga_Mushroom_kapsulki_60_szt.
"Swanson Evening Primrose Oil, 500 mg, kapsułki, 250 szt.",108.99,/apteka/p142939-Swanson_Evening_Primrose_Oil_500_mg_kapsulki_250_szt.
